url_path,views_total,views_unique
/dhschall/gem5-fdp,19,10
/dhschall/gem5-fdp/tree/fdp/src/mem/cache,8,2
/dhschall/gem5-fdp/commits,6,1
/dhschall/gem5-fdp/blob/fdp/src/mem/cache/prefetch/fdp.cc,5,1
/dhschall/gem5-fdp/tree/fdp/src/cpu/pred,5,1
/dhschall/gem5-fdp/blob/fdp/configs/example/gem5_library/fdp-hello.py,4,2
/dhschall/gem5-fdp/tree/fdp/src,4,2
/dhschall/gem5-fdp/tree/fdp/src/mem/cache/prefetch,4,2
/dhschall/gem5-fdp/blob/fdp/src/mem/cache/cache_blk.cc,4,1
/dhschall/gem5-fdp/blob/fdp/src/mem/cache/prefetch/base.cc,4,1
